{
  "Level": [
	{
	  "LevelNumber": 1,
	  "LevelTime": 5,
	  "EnemyNumber": 1
	},
	{
	  "LevelNumber": 2,
	  "LevelTime": 21,
	  "EnemyNumber": 24
	},
	{
	  "LevelNumber": 3,
	  "LevelTime": 22,
	  "EnemyNumber": 26
	},
	{
	  "LevelNumber": 4,
	  "LevelTime": 23,
	  "EnemyNumber": 28
	},
	{
	  "LevelNumber": 5,
	  "LevelTime": 24,
	  "EnemyNumber": 30
	},
	{
	  "LevelNumber": 6,
	  "LevelTime": 25,
	  "EnemyNumber": 32
	},
	{
	  "LevelNumber": 7,
	  "LevelTime": 26,
	  "EnemyNumber": 34
	},
	{
	  "LevelNumber": 8,
	  "LevelTime": 27,
	  "EnemyNumber": 36
	},
	{
	  "LevelNumber": 9,
	  "LevelTime": 28,
	  "EnemyNumber": 38
	},
	{
	  "LevelNumber": 10,
	  "LevelTime": 29,
	  "EnemyNumber": 40
	},
	{
	  "LevelNumber": 11,
	  "LevelTime": 30,
	  "EnemyNumber": 42
	},
	{
	  "LevelNumber": 12,
	  "LevelTime": 31,
	  "EnemyNumber": 44
	},
	{
	  "LevelNumber": 13,
	  "LevelTime": 32,
	  "EnemyNumber": 46
	},
	{
	  "LevelNumber": 14,
	  "LevelTime": 33,
	  "EnemyNumber": 48
	},
	{
	  "LevelNumber": 15,
	  "LevelTime": 34,
	  "EnemyNumber": 50
	},
	{
	  "LevelNumber": 16,
	  "LevelTime": 35,
	  "EnemyNumber": 52
	},
	{
	  "LevelNumber": 17,
	  "LevelTime": 36,
	  "EnemyNumber": 54
	},
	{
	  "LevelNumber": 18,
	  "LevelTime": 37,
	  "EnemyNumber": 56
	},
	{
	  "LevelNumber": 19,
	  "LevelTime": 38,
	  "EnemyNumber": 58
	},
	{
	  "LevelNumber": 20,
	  "LevelTime": 39,
	  "EnemyNumber": 60
	},
	{
	  "LevelNumber": 21,
	  "LevelTime": 40,
	  "EnemyNumber": 62
	},
	{
	  "LevelNumber": 22,
	  "LevelTime": 41,
	  "EnemyNumber": 64
	},
	{
	  "LevelNumber": 23,
	  "LevelTime": 42,
	  "EnemyNumber": 66
	},
	{
	  "LevelNumber": 24,
	  "LevelTime": 43,
	  "EnemyNumber": 68
	},
	{
	  "LevelNumber": 25,
	  "LevelTime": 44,
	  "EnemyNumber": 70
	},
	{
	  "LevelNumber": 26,
	  "LevelTime": 45,
	  "EnemyNumber": 72
	},
	{
	  "LevelNumber": 27,
	  "LevelTime": 46,
	  "EnemyNumber": 74
	},
	{
	  "LevelNumber": 28,
	  "LevelTime": 47,
	  "EnemyNumber": 76
	},
	{
	  "LevelNumber": 29,
	  "LevelTime": 48,
	  "EnemyNumber": 78
	},
	{
	  "LevelNumber": 30,
	  "LevelTime": 49,
	  "EnemyNumber": 80
	},
	{
	  "LevelNumber": 31,
	  "LevelTime": 50,
	  "EnemyNumber": 82
	},
	{
	  "LevelNumber": 32,
	  "LevelTime": 51,
	  "EnemyNumber": 84
	},
	{
	  "LevelNumber": 33,
	  "LevelTime": 52,
	  "EnemyNumber": 86
	},
	{
	  "LevelNumber": 34,
	  "LevelTime": 53,
	  "EnemyNumber": 88
	},
	{
	  "LevelNumber": 35,
	  "LevelTime": 54,
	  "EnemyNumber": 90
	},
	{
	  "LevelNumber": 36,
	  "LevelTime": 55,
	  "EnemyNumber": 92
	},
	{
	  "LevelNumber": 37,
	  "LevelTime": 56,
	  "EnemyNumber": 94
	},
	{
	  "LevelNumber": 38,
	  "LevelTime": 57,
	  "EnemyNumber": 96
	},
	{
	  "LevelNumber": 39,
	  "LevelTime": 58,
	  "EnemyNumber": 98
	},
	{
	  "LevelNumber": 40,
	  "LevelTime": 59,
	  "EnemyNumber": 100
	},
	{
	  "LevelNumber": 41,
	  "LevelTime": 60,
	  "EnemyNumber": 102
	},
	{
	  "LevelNumber": 42,
	  "LevelTime": 61,
	  "EnemyNumber": 104
	},
	{
	  "LevelNumber": 43,
	  "LevelTime": 62,
	  "EnemyNumber": 106
	},
	{
	  "LevelNumber": 44,
	  "LevelTime": 63,
	  "EnemyNumber": 108
	},
	{
	  "LevelNumber": 45,
	  "LevelTime": 64,
	  "EnemyNumber": 110
	},
	{
	  "LevelNumber": 46,
	  "LevelTime": 65,
	  "EnemyNumber": 112
	},
	{
	  "LevelNumber": 47,
	  "LevelTime": 66,
	  "EnemyNumber": 114
	},
	{
	  "LevelNumber": 48,
	  "LevelTime": 67,
	  "EnemyNumber": 116
	},
	{
	  "LevelNumber": 49,
	  "LevelTime": 68,
	  "EnemyNumber": 118
	},
	{
	  "LevelNumber": 50,
	  "LevelTime": 69,
	  "EnemyNumber": 120
	},
	{
	  "LevelNumber": 51,
	  "LevelTime": 70,
	  "EnemyNumber": 122
	},
	{
	  "LevelNumber": 52,
	  "LevelTime": 71,
	  "EnemyNumber": 124
	},
	{
	  "LevelNumber": 53,
	  "LevelTime": 72,
	  "EnemyNumber": 126
	},
	{
	  "LevelNumber": 54,
	  "LevelTime": 73,
	  "EnemyNumber": 128
	},
	{
	  "LevelNumber": 55,
	  "LevelTime": 74,
	  "EnemyNumber": 130
	},
	{
	  "LevelNumber": 56,
	  "LevelTime": 75,
	  "EnemyNumber": 132
	},
	{
	  "LevelNumber": 57,
	  "LevelTime": 76,
	  "EnemyNumber": 134
	},
	{
	  "LevelNumber": 58,
	  "LevelTime": 77,
	  "EnemyNumber": 136
	},
	{
	  "LevelNumber": 59,
	  "LevelTime": 78,
	  "EnemyNumber": 138
	},
	{
	  "LevelNumber": 60,
	  "LevelTime": 79,
	  "EnemyNumber": 140
	},
	{
	  "LevelNumber": 61,
	  "LevelTime": 80,
	  "EnemyNumber": 142
	},
	{
	  "LevelNumber": 62,
	  "LevelTime": 81,
	  "EnemyNumber": 144
	},
	{
	  "LevelNumber": 63,
	  "LevelTime": 82,
	  "EnemyNumber": 146
	},
	{
	  "LevelNumber": 64,
	  "LevelTime": 83,
	  "EnemyNumber": 148
	},
	{
	  "LevelNumber": 65,
	  "LevelTime": 84,
	  "EnemyNumber": 150
	},
	{
	  "LevelNumber": 66,
	  "LevelTime": 85,
	  "EnemyNumber": 152
	},
	{
	  "LevelNumber": 67,
	  "LevelTime": 86,
	  "EnemyNumber": 154
	},
	{
	  "LevelNumber": 68,
	  "LevelTime": 87,
	  "EnemyNumber": 156
	},
	{
	  "LevelNumber": 69,
	  "LevelTime": 88,
	  "EnemyNumber": 158
	},
	{
	  "LevelNumber": 70,
	  "LevelTime": 89,
	  "EnemyNumber": 160
	},
	{
	  "LevelNumber": 71,
	  "LevelTime": 90,
	  "EnemyNumber": 162
	},
	{
	  "LevelNumber": 72,
	  "LevelTime": 91,
	  "EnemyNumber": 164
	},
	{
	  "LevelNumber": 73,
	  "LevelTime": 92,
	  "EnemyNumber": 166
	},
	{
	  "LevelNumber": 74,
	  "LevelTime": 93,
	  "EnemyNumber": 168
	},
	{
	  "LevelNumber": 75,
	  "LevelTime": 94,
	  "EnemyNumber": 170
	},
	{
	  "LevelNumber": 76,
	  "LevelTime": 95,
	  "EnemyNumber": 172
	},
	{
	  "LevelNumber": 77,
	  "LevelTime": 96,
	  "EnemyNumber": 174
	},
	{
	  "LevelNumber": 78,
	  "LevelTime": 97,
	  "EnemyNumber": 176
	},
	{
	  "LevelNumber": 79,
	  "LevelTime": 98,
	  "EnemyNumber": 178
	},
	{
	  "LevelNumber": 80,
	  "LevelTime": 99,
	  "EnemyNumber": 180
	},
	{
	  "LevelNumber": 81,
	  "LevelTime": 100,
	  "EnemyNumber": 182
	},
	{
	  "LevelNumber": 82,
	  "LevelTime": 101,
	  "EnemyNumber": 184
	},
	{
	  "LevelNumber": 83,
	  "LevelTime": 102,
	  "EnemyNumber": 186
	},
	{
	  "LevelNumber": 84,
	  "LevelTime": 103,
	  "EnemyNumber": 188
	},
	{
	  "LevelNumber": 85,
	  "LevelTime": 104,
	  "EnemyNumber": 190
	},
	{
	  "LevelNumber": 86,
	  "LevelTime": 105,
	  "EnemyNumber": 192
	},
	{
	  "LevelNumber": 87,
	  "LevelTime": 106,
	  "EnemyNumber": 194
	},
	{
	  "LevelNumber": 88,
	  "LevelTime": 107,
	  "EnemyNumber": 196
	},
	{
	  "LevelNumber": 89,
	  "LevelTime": 108,
	  "EnemyNumber": 198
	},
	{
	  "LevelNumber": 90,
	  "LevelTime": 109,
	  "EnemyNumber": 200
	},
	{
	  "LevelNumber": 91,
	  "LevelTime": 110,
	  "EnemyNumber": 202
	},
	{
	  "LevelNumber": 92,
	  "LevelTime": 111,
	  "EnemyNumber": 204
	},
	{
	  "LevelNumber": 93,
	  "LevelTime": 112,
	  "EnemyNumber": 206
	},
	{
	  "LevelNumber": 94,
	  "LevelTime": 113,
	  "EnemyNumber": 208
	},
	{
	  "LevelNumber": 95,
	  "LevelTime": 114,
	  "EnemyNumber": 210
	},
	{
	  "LevelNumber": 96,
	  "LevelTime": 115,
	  "EnemyNumber": 212
	},
	{
	  "LevelNumber": 97,
	  "LevelTime": 116,
	  "EnemyNumber": 214
	},
	{
	  "LevelNumber": 98,
	  "LevelTime": 117,
	  "EnemyNumber": 216
	},
	{
	  "LevelNumber": 99,
	  "LevelTime": 118,
	  "EnemyNumber": 218
	},
	{
	  "LevelNumber": 100,
	  "LevelTime": 119,
	  "EnemyNumber": 220
	},
	{
	  "LevelNumber": 101,
	  "LevelTime": 120,
	  "EnemyNumber": 222
	},
	{
	  "LevelNumber": 102,
	  "LevelTime": 121,
	  "EnemyNumber": 224
	},
	{
	  "LevelNumber": 103,
	  "LevelTime": 122,
	  "EnemyNumber": 226
	},
	{
	  "LevelNumber": 104,
	  "LevelTime": 123,
	  "EnemyNumber": 228
	},
	{
	  "LevelNumber": 105,
	  "LevelTime": 124,
	  "EnemyNumber": 230
	},
	{
	  "LevelNumber": 106,
	  "LevelTime": 125,
	  "EnemyNumber": 232
	},
	{
	  "LevelNumber": 107,
	  "LevelTime": 126,
	  "EnemyNumber": 234
	},
	{
	  "LevelNumber": 108,
	  "LevelTime": 127,
	  "EnemyNumber": 236
	},
	{
	  "LevelNumber": 109,
	  "LevelTime": 128,
	  "EnemyNumber": 238
	},
	{
	  "LevelNumber": 110,
	  "LevelTime": 129,
	  "EnemyNumber": 240
	},
	{
	  "LevelNumber": 111,
	  "LevelTime": 130,
	  "EnemyNumber": 242
	},
	{
	  "LevelNumber": 112,
	  "LevelTime": 131,
	  "EnemyNumber": 244
	},
	{
	  "LevelNumber": 113,
	  "LevelTime": 132,
	  "EnemyNumber": 246
	},
	{
	  "LevelNumber": 114,
	  "LevelTime": 133,
	  "EnemyNumber": 248
	},
	{
	  "LevelNumber": 115,
	  "LevelTime": 134,
	  "EnemyNumber": 250
	},
	{
	  "LevelNumber": 116,
	  "LevelTime": 135,
	  "EnemyNumber": 252
	},
	{
	  "LevelNumber": 117,
	  "LevelTime": 136,
	  "EnemyNumber": 254
	},
	{
	  "LevelNumber": 118,
	  "LevelTime": 137,
	  "EnemyNumber": 256
	},
	{
	  "LevelNumber": 119,
	  "LevelTime": 138,
	  "EnemyNumber": 258
	},
	{
	  "LevelNumber": 120,
	  "LevelTime": 139,
	  "EnemyNumber": 260
	},
	{
	  "LevelNumber": 121,
	  "LevelTime": 140,
	  "EnemyNumber": 262
	},
	{
	  "LevelNumber": 122,
	  "LevelTime": 141,
	  "EnemyNumber": 264
	},
	{
	  "LevelNumber": 123,
	  "LevelTime": 142,
	  "EnemyNumber": 266
	},
	{
	  "LevelNumber": 124,
	  "LevelTime": 143,
	  "EnemyNumber": 268
	},
	{
	  "LevelNumber": 125,
	  "LevelTime": 144,
	  "EnemyNumber": 270
	},
	{
	  "LevelNumber": 126,
	  "LevelTime": 145,
	  "EnemyNumber": 272
	},
	{
	  "LevelNumber": 127,
	  "LevelTime": 146,
	  "EnemyNumber": 274
	},
	{
	  "LevelNumber": 128,
	  "LevelTime": 147,
	  "EnemyNumber": 276
	},
	{
	  "LevelNumber": 129,
	  "LevelTime": 148,
	  "EnemyNumber": 278
	},
	{
	  "LevelNumber": 130,
	  "LevelTime": 149,
	  "EnemyNumber": 280
	},
	{
	  "LevelNumber": 131,
	  "LevelTime": 150,
	  "EnemyNumber": 282
	},
	{
	  "LevelNumber": 132,
	  "LevelTime": 151,
	  "EnemyNumber": 284
	},
	{
	  "LevelNumber": 133,
	  "LevelTime": 152,
	  "EnemyNumber": 286
	},
	{
	  "LevelNumber": 134,
	  "LevelTime": 153,
	  "EnemyNumber": 288
	},
	{
	  "LevelNumber": 135,
	  "LevelTime": 154,
	  "EnemyNumber": 290
	},
	{
	  "LevelNumber": 136,
	  "LevelTime": 155,
	  "EnemyNumber": 292
	},
	{
	  "LevelNumber": 137,
	  "LevelTime": 156,
	  "EnemyNumber": 294
	},
	{
	  "LevelNumber": 138,
	  "LevelTime": 157,
	  "EnemyNumber": 296
	},
	{
	  "LevelNumber": 139,
	  "LevelTime": 158,
	  "EnemyNumber": 298
	},
	{
	  "LevelNumber": 140,
	  "LevelTime": 159,
	  "EnemyNumber": 300
	}
  ],
  "Enemy": [
	{
	  "EnemyID": 1,
	  "EnemyName": "红毛鸽子",
	  "Attack": 2,
	  "Defense": 50,
	  "Hp": 100
	},
	{
	  "EnemyID": 2,
	  "EnemyName": "橙毛鸽子",
	  "Attack": 4,
	  "Defense": 51,
	  "Hp": 200
	},
	{
	  "EnemyID": 3,
	  "EnemyName": "黄毛鸽子",
	  "Attack": 8,
	  "Defense": 52,
	  "Hp": 300
	},
	{
	  "EnemyID": 4,
	  "EnemyName": "绿毛鸽子",
	  "Attack": 16,
	  "Defense": 53,
	  "Hp": 400
	},
	{
	  "EnemyID": 5,
	  "EnemyName": "青毛鸽子",
	  "Attack": 32,
	  "Defense": 54,
	  "Hp": 500
	},
	{
	  "EnemyID": 6,
	  "EnemyName": "蓝毛鸽子",
	  "Attack": 40,
	  "Defense": 55,
	  "Hp": 600
	},
	{
	  "EnemyID": 7,
	  "EnemyName": "紫毛鸽子",
	  "Attack": 56,
	  "Defense": 56,
	  "Hp": 700
	}
  ],
  "Item": [
	{
	  "ItemID": 10000,
	  "ItemName": "羽毛飞刀",
	  "ItemScene": "res://scene/umg/backpack/item/yu_mao.tscn"
	},
	{
	  "ItemID": 10001,
	  "ItemName": "装饰鸽子",
	  "ItemScene": "res://scene/umg/backpack/item/ge_zi.tscn"
	}
  ]
}
